[{"code":"","color":"#FF5DB722","name":"options tools Editor","typeName":"","palette":"18","type":"h","spec":"بلوک های کد ادیتور ویرایش شده توسط اچ آر تیم","spec2":" "},{"code":"%1$s.getSearcher().search(%2$s);","color":"#FF4B6CD5","name":"Editor search words","typeName":"","palette":"18","type":" ","spec":"Editor %m.edittext  search for %s ","spec2":" "},{"code":"%1$s.setTypefaceText(Typeface.createFromAsset(getAssets(), \"fonts/%2$s\"+\".ttf\"));","color":"#FF4B6CD5","name":"Editor set type face font","typeName":"","palette":"18","type":" ","spec":"Editor %m.edittext set Font typeface %m.font","spec2":" "},{"code":"%1$s.setOverScrollEnabled(%2$s);","color":"#FF4B6CD5","name":"Editor set OverScroll enabled","typeName":"","palette":"18","type":" ","spec":"Ediror %m.edittext set Overscrolll Enabled %b ","spec2":" "},{"code":"%1$s.setFirstLineNumberAlwaysVisible(%2$s);","color":"#FF4B6CD5","name":"Editor set first line always enabled boolean","typeName":"","palette":"18","type":" ","spec":"Editor %m.edittext set First Line Always show %b ","spec2":" "},{"code":"%1$s.redo();","color":"#FF4B6CD5","name":"Editor Redo","typeName":"","palette":"18","type":" ","spec":"Editor %m.edittext  Redo","spec2":" "},{"code":"%1$s.undo();","color":"#FF4B6CD5","name":"Editor Undo","typeName":"","palette":"18","type":" ","spec":"Editor %m.edittext  Undo","spec2":" "},{"code":"%1$s.setSelection(%1$s.getText().getLineCount() - 1, %1$s.getText().getColumnCount(%1$s.getText().getLineCount() - 1));","color":"#FF4B6CD5","name":"Editor go to End","typeName":"","palette":"18","type":" ","spec":"Editor %m.edittext  go to End","spec2":" "},{"code":"%1$s.moveSelectionHome();","color":"#FF4B6CD5","name":"Editor go to first","typeName":"","palette":"18","type":" ","spec":"Editor %m.edittext  go to first","spec2":" "},{"code":"%1$s.moveSelectionLeft();","color":"#FF4B6CD5","name":"Editor move selection left","typeName":"","palette":"18","type":" ","spec":"Editor %m.edittext move to Left 👈","spec2":" "},{"code":"%1$s.moveSelectionRight();","color":"#FF4B6CD5","name":"Editor move selection Right","typeName":"","palette":"18","type":" ","spec":"Editor %m.edittext  move to Right 👉","spec2":" "},{"code":"%1$s.moveSelectionUp();","color":"#FF4B6CD5","name":"Editor move selection up","typeName":"","palette":"18","type":" ","spec":"Editor %m.edittext move Selection Up","spec2":" "},{"code":"%1$s.moveSelectionDown();","color":"#FF4B6CD5","name":"Editor move selection down","typeName":"","palette":"18","type":" ","spec":"Editor %m.edittext move selection Down","spec2":" "},{"code":"%1$s.moveSelectionHome();","color":"#FF4B6CD5","name":"Editor move selection to Top first one","typeName":"","palette":"18","type":" ","spec":"Editor %m.edittext move Selection to Top first one","spec2":" "},{"code":"%1$s.moveSelectionEnd();","color":"#FF4B6CD5","name":"Editor move selection to end last one","typeName":"","palette":"18","type":" ","spec":"Editor %m.edittext move selection to End last one","spec2":" "},{"code":"try {\n            %1$s.getSearcher().replaceThis(%2$s);\n        } catch (IllegalStateException e) {\n            e.printStackTrace();\n        }","color":"#FF4B6CD5","name":"Editor Replace","typeName":"","palette":"18","type":" ","spec":"Editor %m.edittext  Replace word %s ","spec2":" "},{"code":"try {\n            %1$s.getSearcher().replaceAll(%2$s);\n        } catch (IllegalStateException e) {\n            e.printStackTrace();\n        }","color":"#FF4B6CD5","name":"Editor Replace All","typeName":"","palette":"18","type":" ","spec":"Editor %m.edittext Replace All word %s ","spec2":" "},{"code":"try {\n           %1$s.getSearcher().gotoLast();\n        } catch (IllegalStateException e) {\n            e.printStackTrace();\n        }","color":"#FF4B6CD5","name":"Editor go to previous","typeName":"","palette":"18","type":" ","spec":"Editor %m.edittext  get Searcher Go to Previous","spec2":" "},{"code":"try {\n            %1$s.getSearcher().gotoNext();\n        } catch (IllegalStateException e) {\n            e.printStackTrace();\n        }","color":"#FF4B6CD5","name":"Editor go to next","typeName":"","palette":"18","type":" ","spec":"Editor %m.edittext  get Sercher Go to Next","spec2":" "},{"code":"io.github.rosemoe.sora.widget.SymbolInputView channel \u003d %1$s.createNewSymbolChannel();\nchannel.insertSymbol(%2$s, (int)%2$s.length());","color":"#FF4B6CD5","name":"Editor Insert Textss","typeName":"","palette":"18","type":" ","spec":" Editor %m.edittext  insert Text %s ttt ","spec2":" "},{"code":"","color":"#FF5DB722","name":"word wrap enable disable","typeName":"","palette":"18","type":"h","spec":"ویرایشگر Word Wrap فعال کردن و  غیر فعال کردن","spec2":" "},{"code":"%1$s.setWordwrap(%2$s);","color":"#FF4B6CD5","name":"Editor set Word wrap","typeName":"","palette":"18","type":" ","spec":"Editor %m.edittext set Word Wrap %b ","spec2":" "},{"code":"","color":"#FF5DB722","name":"Editor get Crash Log","typeName":"","palette":"18","type":"h","spec":"ویرایشگر Crash Log را دریافت می کند","spec2":" "},{"code":"FileInputStream fis \u003d null;\n\ntry {\n\nfis \u003d openFileInput(\"crash-journal.log\");\n                BufferedReader br \u003d new BufferedReader(new InputStreamReader(fis));\n                StringBuilder sb \u003d new StringBuilder();\n                String line \u003d \"\";\n                while ((line \u003d br.readLine()) !\u003d null) {\n                    sb.append(line).append(\u0027\\n\u0027);\n                }\n                %1$s \u003d sb.toString();\n\n} catch (Exception e) {\n                Toast.makeText(getApplicationContext(), \"Failed:\" + e.toString(), Toast.LENGTH_SHORT).show();\n                e.printStackTrace();\n            } finally {\n                if (fis !\u003d null) {\n                    try {\n                        fis.close();\n                    } catch (IOException e) {\n                        e.printStackTrace();\n                    }\n                }\n}","color":"#FF4B6CD5","name":"get Crash Log to String","typeName":"","palette":"18","type":" ","spec":"Editor get Crash Log to String %s ","spec2":" "},{"code":"FileOutputStream fos \u003d null;\n            try {\n                fos \u003d openFileOutput(\"crash-journal.log\", MODE_PRIVATE);\n                Toast.makeText(getApplicationContext(), \"Succeeded\", Toast.LENGTH_SHORT).show();\n            } catch (Exception e) {\n                Toast.makeText(getApplicationContext(), \"Failed:\" + e.toString(), Toast.LENGTH_SHORT).show();\n                e.printStackTrace();\n            } finally {\n                if (fos !\u003d null) {\n                    try {\n                        fos.close();\n                    } catch (IOException e) {\n                        e.printStackTrace();\n                    }\n                }\n            }","color":"#FF4B6CD5","name":"Editor Clear Logs","typeName":"","palette":"18","type":" ","spec":"Editor Clear Logs","spec2":" "},{"code":"","color":"#FF5DB722","name":"Editor Lines Numbers","typeName":"","palette":"18","type":"h","spec":"شماره خطوط ویرایشگر","spec2":" "},{"code":"%1$s.setLineNumberEnabled(%2$s);","color":"#FF4B6CD5","name":"Editor lines numbers enable disable","typeName":"","palette":"18","type":" ","spec":"Editor %m.edittext set Lines Numbers Enabled %b ","spec2":" "},{"code":"%1$s.isLineNumberEnabled()","color":"#FF4B6CD5","name":"boolean is line number shown Editor","typeName":"","palette":"18","type":"b","spec":"Editor %m.edittext  is Line Number shown","spec2":" "},{"code":"","color":"#FF5DB722","name":"Editor listeners","typeName":"","palette":"18","type":"h","spec":"Editor Listeners","spec2":" "},{"code":"  \n  %1$s.setEventListener(new io.github.rosemoe.sora.interfaces.EditorEventListener() {\n    \n \n  public boolean onRequestFormat( CodeEditor editor, boolean b){\n    b \u003d true;\n    return b;\n  }\n  \n\n   \n   public boolean onFormatFail( CodeEditor editor, Throwable cause){\n     \n     return true;\n   }\n   \n    @Override\n    public void onFormatSucceed( CodeEditor editor){\n      showMessage(\"format succeed\");\n    }\n    \n     @Override\n    public void onNewTextSet( CodeEditor editor){\n      \n    }\n    \n    @Override\n    public void afterDelete( CodeEditor editor,  CharSequence content, int startLine, int startColumn, int endLine, int endColumn, CharSequence deletedContent){\n      \n\t  %3$s\n\t  \n    }\n\n\n    @Override\n    public void afterInsert( CodeEditor editor,  CharSequence content, int startLine, int startColumn, int endLine, int endColumn, CharSequence insertedContent){\n      \n\t  %2$s\n\t  \n    }\n\n\n     @Override\n    public void beforeReplace( CodeEditor editor,  CharSequence content){\n      \n    }\n   \n    public void onSelectionChanged( CodeEditor editor,  io.github.rosemoe.sora.text.Cursor cursor){\n      \n    }\n    \n});","color":"#FF4B6CD5","name":"listeners for editor","typeName":"","palette":"18","type":"e","spec":"Editor %m.edittext  when Text Inserted (CharSequence content, CharSequence insertedContent)","spec2":"onText deleted (CharSequence content, CharSequence deletedContent)"},{"code":"content.toString()","color":"#FF4B6CD5","name":"content text in editor","typeName":"","palette":"18","type":"s","spec":"String Content text in Editor","spec2":" "},{"code":"insertedContent.toString()","color":"#FF4B6CD5","name":"String inserted text","typeName":"","palette":"18","type":"s","spec":"String inserted Content Text","spec2":" "},{"code":"deletedContent.toString()","color":"#FF4B6CD5","name":"string deleted text","typeName":"","palette":"18","type":"s","spec":"String deleted Text ","spec2":" "},{"code":"","color":"#FF5DB722","name":"Editor Selections","typeName":"","palette":"18","type":"h","spec":"Editor Selections","spec2":" "},{"code":"%1$s.setSelection((int)%2$s, (int)%3$s);","color":"#FF4B6CD5","name":"Editor set SELECTION","typeName":"","palette":"18","type":" ","spec":"Editor %m.edittext  setSelection Line %d  column %d ","spec2":" "},{"code":"(int)%1$s.getCursor().getLeftColumn()","color":"#FF4B6CD5","name":"Editor Get Selection Start","typeName":"","palette":"18","type":"d","spec":"Editor %m.edittext  get Selection Start","spec2":" "},{"code":"(int)%1$s.getCursor().getLeftColumn() + %1$s.getText().toString().length()","color":"#FF4B6CD5","name":"Editor get Selection End","typeName":"","palette":"18","type":"d","spec":"Editor %m.edittext get Selection End","spec2":" "},{"code":"%1$s.getCursor().getRightColumn()","color":"#FF4B6CD5","name":"Editor get right column","typeName":"","palette":"18","type":"d","spec":"Editor %m.edittext get Column (letter pos)","spec2":" "},{"code":"%1$s.getCursor().getRightColumn()","color":"#FF4B6CD5","name":"Editor get right column_31","typeName":"","palette":"18","type":"d","spec":"Editor %m.edittext get Column (letter pos)","spec2":" "},{"code":"%1$s.getCursor().getRightLine()","color":"#FF4B6CD5","name":"Editor Get right line","typeName":"","palette":"18","type":"d","spec":"Editor %m.edittext get Line number","spec2":" "},{"code":"","color":"#FF5DB722","name":"Import languages","typeName":"","palette":"18","type":"h","spec":"Import Codera","spec2":" "},{"code":"import io.github.rosemoe.sora.widget.CodeEditor;\nimport io.github.rosemoe.sora.widget.schemes.HTMLScheme;\nimport io.github.rosemoe.sora.widget.schemes.SchemeDarcula;\nimport io.github.rosemoe.sora.widget.schemes.SchemeEclipse;\nimport io.github.rosemoe.sora.widget.schemes.SchemeGitHub;\nimport io.github.rosemoe.sora.widget.schemes.SchemeNotepadXX;\nimport io.github.rosemoe.sora.widget.schemes.SchemeVS2019;\nimport io.github.rosemoe.sora.langs.EmptyLanguage;\nimport io.github.rosemoe.sora.langs.desc.CDescription;\nimport io.github.rosemoe.sora.langs.desc.CppDescription;\nimport io.github.rosemoe.sora.langs.desc.JavaScriptDescription;\nimport io.github.rosemoe.sora.langs.html.HTMLLanguage;\nimport io.github.rosemoe.sora.langs.java.JavaLanguage;\nimport io.github.rosemoe.sora.langs.python.PythonLanguage;\nimport io.github.rosemoe.sora.langs.universal.UniversalLanguage;","color":"#FFEE7D15","name":"Import Codera","typeName":"","palette":"18","type":" ","spec":"Import Codera","spec2":" "},{"code":"","color":"#FF5DB722","name":"theme color","typeName":"","palette":"18","type":"h","spec":"تنظیم تم کد ادیتور","spec2":" "},{"code":"%1$s.setColorScheme(new %2$s());","color":"#FF4B6CD5","name":"Editor set color sheme","typeName":"","palette":"18","type":" ","spec":"Editor %m.edittext set Color sheme %m.CoderaTheme ","spec2":" "},{"code":"StringBuilder %1$s \u003d new StringBuilder();\n\ntry {\n\nScanner scanner \u003d new Scanner(new java.io.File(getIntent().getStringExtra(%2$s))).useDelimiter(\"\\\\Z\");\nwhile (scanner.hasNext()) {\n%1$s .append(scanner.next());\n}\n%3$s.setText(%1$s );\n} catch (Exception rt) {\nrt.printStackTrace();\n}","color":"#FF4B6CD5","name":"fast road text","typeName":"","palette":"18","type":" ","spec":"fast text road %s.inputOnly name intent output %s  and set editor %m.edittext  ","spec2":" "},{"code":"StringBuilder %1$s \u003d new StringBuilder();\n\ntry {\n\nScanner scanner \u003d new Scanner(new java.io.File(getIntent().getStringExtra(%2$s))).useDelimiter(\"\\\\Z\");\nwhile (scanner.hasNext()) {\n%1$s .append(scanner.next());\n}\n%3$s.setText(%1$s );\n} catch (Exception rt) {\nrt.printStackTrace();\n}","color":"#FF4B6CD5","name":"fast road text_copy78","typeName":"","palette":"18","type":"s","spec":"fast text road %s.inputOnly name intent output %s  and set editor %m.edittext "},{"code":"//copyright holder","color":"#FF5DB722","name":"Created by Phantom Xotic","typeName":"","palette":"18","type":"h","spec":"ایجاد شده توسط Phantom Xotic *-*"},{"code":"android.graphics.drawable.GradientDrawable _BackgroundOf_%1$s \u003d new android.graphics.drawable.GradientDrawable();\n_BackgroundOf_%1$s.setColors(new int[]{%2$s, %3$s});\n_BackgroundOf_%1$s.setOrientation(android.graphics.drawable.GradientDrawable.Orientation.TOP_BOTTOM);\n%1$s.setBackground(_BackgroundOf_%1$s);","color":"#FF4B6CD5","name":"Gradient Linear","typeName":"","palette":"18","type":" ","spec":"%m.edittext setColor on TOP %m.color setColour on BOTTOM %m.color "},{"code":"if (Build.VERSION.SDK_INT \u003e\u003d Build.VERSION_CODES.LOLLIPOP) { \nWindow w \u003d this.getWindow();w.clearFlags(WindowManager.LayoutParams.FLAG_TRANSLUCENT_STATUS);\nw.addFlags(WindowManager.LayoutParams.FLAG_DRAWS_SYSTEM_BAR_BACKGROUNDS);\nw.setStatusBarColor(0xFF222629); w.setFlags(WindowManager.LayoutParams.FLAG_LAYOUT_NO_LIMITS, WindowManager.LayoutParams.FLAG_LAYOUT_NO_LIMITS); }","color":"#FF4B6CD5","name":"Transparent Status Bar","typeName":"","palette":"18","type":" ","spec":"Transparent Status Bar"},{"code":"%1$s.isEmpty()","color":"#FFEE7D15","name":"check if string is empty","typeName":"","palette":"18","type":"b","spec":"String  %s is Empty ()"},{"code":"","color":"#FF5DB722","name":"Editor listeners","typeName":"","palette":"18","type":"h","spec":"Editor Listeners","spec2":" "},{"code":"  \n  %1$s.setEventListener(new io.github.rosemoe.sora.interfaces.EditorEventListener() {\n    \n \n  public boolean onRequestFormat( CodeEditor editor, boolean b){\n    b \u003d true;\n    return b;\n  }\n  \n\n   \n   public boolean onFormatFail( CodeEditor editor, Throwable cause){\n     \n     return true;\n   }\n   \n    @Override\n    public void onFormatSucceed( CodeEditor editor){\n      showMessage(\"format succeed\");\n    }\n    \n     @Override\n    public void onNewTextSet( CodeEditor editor){\n      \n    }\n    \n    @Override\n    public void afterDelete( CodeEditor editor,  CharSequence content, int startLine, int startColumn, int endLine, int endColumn, CharSequence deletedContent){\n      \n\t  %3$s\n\t  \n    }\n\n\n    @Override\n    public void afterInsert( CodeEditor editor,  CharSequence content, int startLine, int startColumn, int endLine, int endColumn, CharSequence insertedContent){\n      \n\t  %2$s\n\t  \n    }\n\n\n     @Override\n    public void beforeReplace( CodeEditor editor,  CharSequence content){\n      \n    }\n   \n    public void onSelectionChanged( CodeEditor editor,  io.github.rosemoe.sora.text.Cursor cursor){\n      \n    }\n    \n});","color":"#FF4B6CD5","name":"listeners for editor","typeName":"","palette":"18","type":"e","spec":"Editor %m.edittext  when Text Inserted (CharSequence content, CharSequence insertedContent)","spec2":"onText deleted (CharSequence content, CharSequence deletedContent)"},{"code":" @Override\n    public void onNewTextSet( CodeEditor editor){\n      %1$s\n    }\n    \n   ","color":"#FF4B6CD5","name":"onNewText set","typeName":"","palette":"18","type":"c","spec":"on New Text set (final CodeEditor editor)","spec2":"onText deleted (CharSequence content, CharSequence deletedContent)"},{"code":" @Override\n    public void afterDelete( CodeEditor editor,  CharSequence content, int startLine, int startColumn, int endLine, int endColumn, CharSequence deletedContent){\n      \n\t  %1$s\n\t  \n    }\n","color":"#FF4B6CD5","name":"after Text Deleted","typeName":"","palette":"18","type":"c","spec":"after text deleted (CodeEditor editor,  CharSequence content, CharSequence deletedContent)","spec2":"onText deleted (CharSequence content, CharSequence deletedContent)"},{"code":"    @Override\n    public void afterInsert( final CodeEditor editor,  CharSequence content, int startLine, int startColumn, int endLine, int endColumn, CharSequence insertedContent){\n      \n\t  %1$s\n\t  \n    }","color":"#FF4B6CD5","name":"after text inserted","typeName":"","palette":"18","type":"c","spec":"after text Inserted (CodeEditor editor,  CharSequence content, CharSequence insertedContent)","spec2":"onText deleted (CharSequence content, CharSequence deletedContent)"},{"code":"@Override\n    public void beforeReplace( CodeEditor editor,  CharSequence content){\n      %1$s\n    }\n   \n    public void onSelectionChanged( CodeEditor editor,  io.github.rosemoe.sora.text.Cursor cursor){\n      %2$s\n    }","color":"#FF4B6CD5","name":"before replace \u0026 onSelection changed","typeName":"","palette":"18","type":"e","spec":"before replace (CodeEditor editor,  CharSequence content)","spec2":"on Selection Chenged ( CodeEditor editor,  Cursor cursor)"},{"code":"content.toString()","color":"#FF4B6CD5","name":"content text in editor","typeName":"","palette":"18","type":"s","spec":"String Content text in Editor","spec2":" "},{"code":"insertedContent.toString()","color":"#FF4B6CD5","name":"String inserted text","typeName":"","palette":"18","type":"s","spec":"String inserted Content Text","spec2":" "},{"code":"deletedContent.toString()","color":"#FF4B6CD5","name":"string deleted text","typeName":"","palette":"18","type":"s","spec":"String deleted Text ","spec2":" "},{"code":"","color":"#FF5DB722","name":"name textmeat","typeName":"","palette":"18","type":"h","spec":"اکنون بلوک textmeat را اضافه کنید","spec2":" "},{"code":"try {\n                                    //TextMateLanguage only support TextMateColorScheme\n                                    EditorColorScheme editorColorScheme \u003d %6$s.getColorScheme();\n                                    if (!(editorColorScheme instanceof TextMateColorScheme)) {\n                                        IRawTheme iRawTheme \u003d ThemeReader.readThemeSync(%1$s, getAssets().open(%2$s));\n                                        editorColorScheme \u003d TextMateColorScheme.create(iRawTheme);\n                                        %6$s.setColorScheme(editorColorScheme);\n                                    }\n\n\n                                    EditorLanguage language \u003d TextMateLanguage.create(\n                                            %3$s\n                                            , getAssets().open(%4$s)\n                                            , new InputStreamReader(getAssets().open(%5$s))\n                                            , ((TextMateColorScheme) editorColorScheme).getRawTheme());\n\n\n                                    %6$s.setEditorLanguage(language);\n                                } catch (Exception e) {\n                                    e.printStackTrace();\n                                }","color":"#FF4B6CD5","name":"zaban","typeName":"","palette":"18","type":" ","spec":"name theme textmeat%s  and folder%s   name language %s  folder path language%s  nameReader %s  name editor %m.edittext","spec2":" "},{"code":"try {\n                                    IRawTheme iRawTheme \u003d ThemeReader.readThemeSync(%1$s, getAssets().open(%2$s));\n                                    TextMateColorScheme colorScheme \u003d TextMateColorScheme.create(iRawTheme);\n                                    %3$s.setColorScheme(colorScheme);\n\n                                    EditorLanguage language \u003d %3$s.getEditorLanguage();\n                                    if (language instanceof TextMateLanguage) {\n                                        TextMateLanguage textMateLanguage \u003d (TextMateLanguage) language;\n                                        textMateLanguage.updateTheme(iRawTheme);\n                                    }\n                                } catch (Exception e) {\n                                    e.printStackTrace();\n                                }","color":"#FF4B6CD5","name":"theme name","typeName":"","palette":"18","type":" ","spec":"theme name %s  theme path asster%s name editor %m.edittext"},{"code":"","color":"#FF5DB722","name":"SetLanguageCodera","typeName":"","palette":"18","type":"h","spec":"تنظیم زبان کد ادیتور"},{"code":"%1$s.setEditorLanguage(new %2$sLanguage());","color":"#FF4B6CD5","name":"Editor set language to ","typeName":"","palette":"18","type":" ","spec":"Editor %m.edittext set Language %m.CoderaLanguage"},{"code":"%1$s.setEditorLanguage(new UniversalLanguage(new %2$sDescription()));","color":"#FF4B6CD5","name":"Editor set UniversalLanguage","typeName":"","palette":"18","type":" ","spec":"Editor %m.edittext set UniversalLanguage %m.CoderaUniversalLanguage"}]